Check Size,Preferred Stage,Website,Investor,Contact Email
$250K – $2M,Seed, Pre-seed, Series A,100unicorns.in,Rajesh Mane,rajesh@100unicorns.in
$100K – $2M,Idea/first check, Pre-seed, Seed,468cap.com,Alexander Kudlich,alexander@468cap.com
Typically $250K; sometimes $50K,Idea/first check, Pre-seed,1517fund.com,Danielle Strachman,dstrachman@1517fund.com
$300,000 – $500,000,Pre-seed, Seed,2048.vc,Alex Iskold,alex@2048.vc
$0.5M – $2.5M,Seed, Series A,acv.vc,Pandu Sjahrir,pandu@danantaraindonesia.com
$25K – $75K,Pre-seed,awf.vc,Mendel Chuang,mendel@awf.vc
$500K,Series A,acronym.vc,Joshua B Siegel,joshua@acronymvc.com
$25,000K – $250,000K,Idea/first check, Pre-seed, Seed, Series A,adaptvc.com,Mohammed Amdani,mo@adaptvc.co
$10K – $500K,Pre-seed, Seed,alchemy.com/ventures,Nikil Viswanathan,nikil.viswanathan@alchemyapi.io
$10K – $50K,Pre-seed, Seed,alleycorp.com,Kevin Ryan,kevin.ryan@alleycorp.com
$25K – $200K,Pre-seed,allied.vc,Matt Wilson,matt@allied.vc
€100K – €1M,Seed,amplifierlab.io,Henry Palmer,hp@amplifierlab.io
$50K – $1.5M,Pre-seed, Seed,a16z.com,Blake Kim,bkim@a16z.com
$50K – $250K,Pre-seed,animo.vc,Nico Berardi,nico@agpmiami.com
$50K – $1.5M,Pre-seed,antler.co,Andrea Hajdu-Howe,andrea@antler.co
$250K – $2M,Seed, Pre-seed, Series A,atheravp.com,Samir Kumar,samir@atheravp.com
$100K – $1M,Pre-seed,basecampfund.com,Keiran Simunovic,keiran@10kentrepreneurs.org
$250K – $1M,Pre-seed, Seed,begincl.com,Alex Menn,alex@begincl.com
$500K – $5M,Series A, Seed, Series B,bdmifund.com,Urs Cete,urs@bdmifund.com
$500K – $10M,Series A, Seed, Series B,bvp.com,Kent Bennett,kent@bvp.com
$100K – $500K,Seed, Pre-seed,betaboom.com,Kimmy Paluch,kimmy@betaboom.com
$100K – $500K,Pre-seed, Seed, Series A,betaworks.com,John Borthwick,john@betaworks.com
£100K – £500K,Pre-seed, Seed, Series A,bethnalgreenventures.com,Paul Miller,paul@bethnalgreenventures.com
$200K – $1.5M,Pre-seed, Seed,btv.vc,Jake Gibson,jake@btv.vc
$100K – $500K,Pre-seed, Seed, Series A,bigideaventures.com,Bill Arnold,projektyle@gmail.com
$1M – $5M,Series A, Seed,bipventures.vc,Mark Buffington,mbuffington@bip-capital.com
$250K – $1M,Pre-seed, Seed,bloomventurepartners.com,Brian Miller,brian@bloomventurepartners.com
$500K – $2.5M,Series A, Seed,blossomstreetventures.com,Sammy Abdullah,sammy@blossomstreetventures.com
$100K – $500K,Seed, Pre-seed,bluecollective.com,JJ Kasper,jjkasper@blue.xyz
$250K – $1M,Pre-seed, Seed,brooklynbridge.vc,Charlie O'Donnell,charlie@brooklynbridge.vc
$500K – $2M,Pre-seed, Seed,buckhillcapital.com,Ash Shrivastav,ash@buckhillcapital.com
$500K – $1.5M,Series A, Seed, Series B,cacrescentfund.com,Harrison Berger,harrison.berger@stepstonegroup.com
$1M – $10M,Series A, Seed, Series B,canaan.com,Brendan Dickinson,bdickinson@canaan.com
$500K – $2M,Pre-seed, Seed,cathexis.ventures,Mark Friday,mfriday@cathexis.com
€200K – €1M,Seed, Pre-seed, Series A,cats.vc,Max Chebotarev,maxim@cats.vc
$100K – £500K,Pre-seed, Seed,centregoldcap.com,Qidong Jia,qidong@celticvc.com
$100K – $500K,Seed, Pre-seed,charge.vc,Brett Martin,brett@charge.vc
$50K – $250K,Pre-seed, Seed,chargedventures.info,info@chargedventures.io,info@chargedventures.io
$50K – $250K,Pre-seed, Seed,cbansv.com,Kathy Le,kathyle@yelp.com
$250K – $1M,Pre-seed, Seed,chicagoventures.com,Rob Chesney,robchesney@gmail.com
$250K – $1M,Pre-seed, Seed, Pre-seed,citylight.vc,Josh Cohen,josh@citylight.vc
$250K – $1M,Pre-seed, Seed,civilizationventures.com,Shahram Seyedinoo,shahram@civilizationventures.com
$5M – $25M,Series A,coatue.com,Lucas Swisher,lswisher@coatue.com
$250K – $2M,Pre-seed, Seed,collabfund.com,Craig Dalton,cdalton@collabfund.com
$500K – $2.5M,Series A,colle.vc,Victoria Grace,victoria@collecapital.com
$100K – $500K,Pre-seed, Seed,comeback.vc,Tony Olivito,tolivito@medicalingenuities.com
£250K – £1M,Pre-seed, Seed,conviction-vc.com,Andrew Ong,andrew@passioncapital.com
$1M – $5M,Series A, Seed,costanoa.vc,Amy Cheetham,amy@costanoavc.com
$250K – $1M,Pre-seed, Seed,cowboy.vc,Aileen Lee,aileenlee@cowboy.vc
$500K – $2M,Series A,creative.co,Ashley Gautreaux,ashley.gautreaux@creative.co
$250K – $1M,Pre-seed, Seed,focal.vc,Pascal Unger,pascal@focal.vc
$500K – $2M,Series A, Seed,deepfuture.tech,Pablos Holman,pablos@deepfuture.tech
$250K – $1M,Pre-seed, Seed,deepventures.io,Mike Chan,mike@deepventures.io
$250K – $1M,Pre-seed, Seed,detroit.vc,Lindsey Kilbride,lindsey@detroit.vc
$500K – $3M,Series A, Seed,digitalisventures.com,Ben Jacobs,bjacobs@digitalisventures.com
$500K – $2M,Pre-seed, Seed,distributedvc.com,Shawn Ellis,shawn@distributedvc.com
$1M – $3M,Pre-seed, Seed, Seed,draper.vc,Andy Tang,andy@draper.vc
$500K – $2.5M,Pre-seed, Seed,equal.vc,Chelsea Zhang,chelsea@equal.vc
